key,value
precision,0.05
precision_at_k,0.8
recall,0.05
recall_at_k,0.775
mae,2.238224432323918
rmse,2.447750639474784
mrr,0.05
ndcg_at_k,0.05
user_coverage,0.05
item_coverage,0.0454545454545454
personalization,0.9602564102564104
intra_list_similarity,0.0025541125541125
intra_list_dissimilarity,0.9974458874458876
